threads,time
1,177.533754
2,98.969615
4,49.894092
8,25.327167
16,13.055436
24,10.354456
32,10.587590
