threads,time
1,177.480743
2,99.063031
4,49.870551
8,25.215165
16,13.065512
